home_team,away_team,raw_home_xg,raw_away_xg,clipped_home_xg,clipped_away_xg,final_home_xg,final_away_xg,home_clipped,away_clipped,actual_home_score,actual_away_score,match_status
Algeria,Austria,1.4457993507385254,1.2181079387664795,1.4457993507385254,1.2181079387664795,1.4458,1.2181,False,False,,,TIMED
Jordan,Argentina,0.8264846801757812,2.1780638694763184,0.8264846801757812,2.1780638694763184,0.8265,2.1781,False,False,,,TIMED
Congo DR,Uzbekistan,1.1109509468078613,1.3087221384048462,1.1109509468078613,1.3087221384048462,1.111,1.3087,False,False,,,TIMED
Colombia,Portugal,1.1084650754928589,1.5698699951171875,1.1084650754928589,1.5698699951171875,1.1085,1.5699,False,False,,,TIMED
Croatia,Ghana,1.1316720247268677,0.23465976119041443,1.1316720247268677,0.23465976119041443,1.1317,0.2347,False,False,,,TIMED
Panama,England,0.4512939155101776,1.836581826210022,0.4512939155101776,1.836581826210022,0.4513,1.8366,False,False,,,TIMED
Egypt,Iran,0.7103895545005798,1.5002567768096924,0.7103895545005798,1.5002567768096924,0.7104,1.5003,False,False,,,TIMED
New Zealand,Belgium,1.138437032699585,0.9705711603164673,1.138437032699585,0.9705711603164673,1.1384,0.9706,False,False,,,TIMED
Uruguay,Spain,0.8286426067352295,1.8525757789611816,0.8286426067352295,1.8525757789611816,0.8286,1.8526,False,False,,,TIMED
Cape Verde Islands,Saudi Arabia,0.5054150819778442,1.0941466093063354,0.5054150819778442,1.0941466093063354,0.5054,1.0941,False,False,,,TIMED
Senegal,Iraq,1.784996747970581,0.6748332381248474,1.784996747970581,0.6748332381248474,1.785,0.6748,False,False,,,TIMED
Norway,France,1.0390459299087524,1.1385762691497803,1.0390459299087524,1.1385762691497803,1.039,1.1386,False,False,,,TIMED
Paraguay,Australia,1.120144009590149,1.0092345476150513,1.120144009590149,1.0092345476150513,1.1201,1.0092,False,False,,,TIMED
Turkey,United States,1.0994409322738647,1.0068466663360596,1.0994409322738647,1.0068466663360596,1.0994,1.0068,False,False,,,TIMED
Japan,Sweden,3.439235210418701,1.2112009525299072,3.439235210418701,1.2112009525299072,3.4392,1.2112,False,False,,,TIMED
Tunisia,Netherlands,0.629043459892273,1.715805172920227,0.629043459892273,1.715805172920227,0.629,1.7158,False,False,,,TIMED
Curaçao,Ivory Coast,0.7080242037773132,1.327883243560791,0.7080242037773132,1.327883243560791,0.708,1.3279,False,False,,,TIMED
Ecuador,Germany,0.7979288101196289,1.5467041730880737,0.7979288101196289,1.5467041730880737,0.7979,1.5467,False,False,,,TIMED
South Africa,South Korea,0.707134485244751,0.7264789938926697,0.707134485244751,0.7264789938926697,0.7071,0.7265,False,False,,,TIMED
Czechia,Mexico,0.4829930067062378,1.3903578519821167,0.4829930067062378,1.3903578519821167,0.483,1.3904,False,False,,,TIMED
Scotland,Brazil,0.9835749864578247,1.5488240718841553,0.9835749864578247,1.5488240718841553,0.9836,1.5488,False,False,,,TIMED
Morocco,Haiti,2.2302675247192383,1.4363293647766113,2.2302675247192383,1.4363293647766113,2.2303,1.4363,False,False,,,TIMED
Bosnia-Herzegovina,Qatar,1.5538700819015503,1.4735231399536133,1.5538700819015503,1.4735231399536133,1.5539,1.4735,False,False,,,TIMED
Switzerland,Canada,1.8739635944366455,1.0625730752944946,1.8739635944366455,1.0625730752944946,1.874,1.0626,False,False,,,TIMED
Colombia,Congo DR,1.7124930620193481,0.58991938829422,1.7124930620193481,0.58991938829422,1.7125,0.5899,False,False,1.0,0.0,FINISHED
Panama,Croatia,0.5652552843093872,1.2957910299301147,0.5652552843093872,1.2957910299301147,0.5653,1.2958,False,False,0.0,1.0,FINISHED
England,Ghana,2.466885566711426,1.0038001537322998,2.466885566711426,1.0038001537322998,2.4669,1.0038,False,False,0.0,0.0,FINISHED
Portugal,Uzbekistan,1.855902075767517,0.3590939939022064,1.855902075767517,0.3590939939022064,1.8559,0.3591,False,False,5.0,0.0,FINISHED
Jordan,Algeria,0.8972792029380798,2.1684463024139404,0.8972792029380798,2.1684463024139404,0.8973,2.1684,False,False,1.0,2.0,FINISHED
Norway,Senegal,2.016472816467285,1.0522117614746094,2.016472816467285,1.0522117614746094,2.0165,1.0522,False,False,3.0,2.0,FINISHED
France,Iraq,2.429678440093994,0.3575454354286194,2.429678440093994,0.3575454354286194,2.4297,0.3575,False,False,3.0,0.0,FINISHED
Argentina,Austria,1.663429617881775,1.6629096269607544,1.663429617881775,1.6629096269607544,1.6634,1.6629,False,False,2.0,0.0,FINISHED
New Zealand,Egypt,1.7317521572113037,1.6645522117614746,1.7317521572113037,1.6645522117614746,1.7318,1.6646,False,False,1.0,3.0,FINISHED
Uruguay,Cape Verde Islands,2.518127202987671,0.16687355935573578,2.518127202987671,0.16687355935573578,2.5181,0.1669,False,False,2.0,2.0,FINISHED
Belgium,Iran,1.6190249919891357,0.897539496421814,1.6190249919891357,0.897539496421814,1.619,0.8975,False,False,0.0,0.0,FINISHED
Spain,Saudi Arabia,2.2323172092437744,0.5752852559089661,2.2323172092437744,0.5752852559089661,2.2323,0.5753,False,False,4.0,0.0,FINISHED
Tunisia,Japan,0.7250967621803284,1.8731024265289307,0.7250967621803284,1.8731024265289307,0.7251,1.8731,False,False,0.0,4.0,FINISHED
Ecuador,Curaçao,2.4464313983917236,0.7292307019233704,2.4464313983917236,0.7292307019233704,2.4464,0.7292,False,False,0.0,0.0,FINISHED
Germany,Ivory Coast,1.1240249872207642,1.139269232749939,1.1240249872207642,1.139269232749939,1.124,1.1393,False,False,2.0,1.0,FINISHED
Netherlands,Sweden,2.5074727535247803,1.270087718963623,2.5074727535247803,1.270087718963623,2.5075,1.2701,False,False,5.0,1.0,FINISHED
Turkey,Paraguay,0.35367724299430847,0.5293014049530029,0.35367724299430847,0.5293014049530029,0.3537,0.5293,False,False,0.0,1.0,FINISHED
Brazil,Haiti,1.4558866024017334,0.747438371181488,1.4558866024017334,0.747438371181488,1.4559,0.7474,False,False,3.0,0.0,FINISHED
Scotland,Morocco,0.8522909283638,1.9777264595031738,0.8522909283638,1.9777264595031738,0.8523,1.9777,False,False,0.0,1.0,FINISHED
United States,Australia,1.7553033828735352,1.1883281469345093,1.7553033828735352,1.1883281469345093,1.7553,1.1883,False,False,2.0,0.0,FINISHED
Mexico,South Korea,1.7218303680419922,0.7845679521560669,1.7218303680419922,0.7845679521560669,1.7218,0.7846,False,False,1.0,0.0,FINISHED
Canada,Qatar,1.3264338970184326,1.2838512659072876,1.3264338970184326,1.2838512659072876,1.3264,1.2839,False,False,6.0,0.0,FINISHED
Switzerland,Bosnia-Herzegovina,2.8893518447875977,0.9849977493286133,2.8893518447875977,0.9849977493286133,2.8894,0.985,False,False,4.0,1.0,FINISHED
Czechia,South Africa,1.6825182437896729,0.8487877249717712,1.6825182437896729,0.8487877249717712,1.6825,0.8488,False,False,1.0,1.0,FINISHED
Uzbekistan,Colombia,0.7244495749473572,1.274885654449463,0.7244495749473572,1.274885654449463,0.7244,1.2749,False,False,1.0,3.0,FINISHED
Ghana,Panama,1.1662265062332153,1.0592377185821533,1.1662265062332153,1.0592377185821533,1.1662,1.0592,False,False,1.0,0.0,FINISHED
England,Croatia,2.5589611530303955,1.6891751289367676,2.5589611530303955,1.6891751289367676,2.559,1.6892,False,False,4.0,2.0,FINISHED
Portugal,Congo DR,0.9500779509544373,0.7771844863891602,0.9500779509544373,0.7771844863891602,0.9501,0.7772,False,False,1.0,1.0,FINISHED
Austria,Jordan,2.3560128211975098,0.6063434481620789,2.3560128211975098,0.6063434481620789,2.356,0.6063,False,False,3.0,1.0,FINISHED
Argentina,Algeria,1.4076159000396729,1.850184440612793,1.4076159000396729,1.850184440612793,1.4076,1.8502,False,False,3.0,0.0,FINISHED
Iraq,Norway,0.48933038115501404,0.8731862902641296,0.48933038115501404,0.8731862902641296,0.4893,0.8732,False,False,1.0,4.0,FINISHED
France,Senegal,1.9206781387329102,1.349361777305603,1.9206781387329102,1.349361777305603,1.9207,1.3494,False,False,3.0,1.0,FINISHED
Iran,New Zealand,2.174351930618286,1.5552409887313843,2.174351930618286,1.5552409887313843,2.1744,1.5552,False,False,2.0,2.0,FINISHED
Saudi Arabia,Uruguay,1.0422247648239136,1.0702399015426636,1.0422247648239136,1.0702399015426636,1.0422,1.0702,False,False,1.0,1.0,FINISHED
Belgium,Egypt,1.822222113609314,1.2086021900177002,1.822222113609314,1.2086021900177002,1.8222,1.2086,False,False,1.0,1.0,FINISHED
Spain,Cape Verde Islands,3.40421462059021,1.0321558713912964,3.40421462059021,1.0321558713912964,3.4042,1.0322,False,False,0.0,0.0,FINISHED
Sweden,Tunisia,2.4805147647857666,1.1966371536254883,2.4805147647857666,1.1966371536254883,2.4805,1.1966,False,False,5.0,1.0,FINISHED
Ivory Coast,Ecuador,0.7358439564704895,1.1608309745788574,0.7358439564704895,1.1608309745788574,0.7358,1.1608,False,False,1.0,0.0,FINISHED
Netherlands,Japan,0.9155499339103699,1.163162112236023,0.9155499339103699,1.163162112236023,0.9155,1.1632,False,False,2.0,2.0,FINISHED
Germany,Curaçao,1.6898225545883179,1.2444101572036743,1.6898225545883179,1.2444101572036743,1.6898,1.2444,False,False,7.0,1.0,FINISHED
Australia,Turkey,1.8647924661636353,1.2260966300964355,1.8647924661636353,1.2260966300964355,1.8648,1.2261,False,False,2.0,0.0,FINISHED
Haiti,Scotland,1.2843735218048096,1.0409854650497437,1.2843735218048096,1.0409854650497437,1.2844,1.041,False,False,0.0,1.0,FINISHED
Brazil,Morocco,1.7223337888717651,1.877547264099121,1.7223337888717651,1.877547264099121,1.7223,1.8775,False,False,1.0,1.0,FINISHED
Qatar,Switzerland,0.9301460981369019,2.2802577018737793,0.9301460981369019,2.2802577018737793,0.9301,2.2803,False,False,1.0,1.0,FINISHED
United States,Paraguay,1.4646239280700684,0.9123667478561401,1.4646239280700684,0.9123667478561401,1.4646,0.9124,False,False,4.0,1.0,FINISHED
Canada,Bosnia-Herzegovina,2.9034531116485596,0.35203996300697327,2.9034531116485596,0.35203996300697327,2.9035,0.352,False,False,1.0,1.0,FINISHED
South Korea,Czechia,1.8789819478988647,0.5804005861282349,1.8789819478988647,0.5804005861282349,1.879,0.5804,False,False,2.0,1.0,FINISHED
Mexico,South Africa,1.8421125411987305,0.9905043840408325,1.8421125411987305,0.9905043840408325,1.8421,0.9905,False,False,2.0,0.0,FINISHED
Philippines,Guam,2.046206474304199,0.12363850325345993,2.046206474304199,0.12363850325345993,2.0462,0.1236,False,False,5.0,1.0,FINISHED
Poland,Nigeria,1.051520586013794,1.4133213758468628,1.051520586013794,1.4133213758468628,1.0515,1.4133,False,False,2.0,2.0,FINISHED
Panama,Dominican Republic,1.784473180770874,0.45490172505378723,1.784473180770874,0.45490172505378723,1.7845,0.4549,False,False,4.0,2.0,FINISHED
Netherlands,Algeria,1.283005952835083,0.9730526804924011,1.283005952835083,0.9730526804924011,1.283,0.9731,False,False,0.0,1.0,FINISHED
Luxembourg,Italy,1.003240704536438,2.1417500972747803,1.003240704536438,2.1417500972747803,1.0032,2.1418,False,False,0.0,1.0,FINISHED
South Korea,El Salvador,2.1315271854400635,0.4160745441913605,2.1315271854400635,0.4160745441913605,2.1315,0.4161,False,False,1.0,0.0,FINISHED
Gibraltar,British Virgin Islands,1.3193066120147705,0.8874295353889465,1.3193066120147705,0.8874295353889465,1.3193,0.8874,False,False,4.0,0.0,FINISHED
Congo DR,Denmark,1.4620131254196167,1.410683512687683,1.4620131254196167,1.410683512687683,1.462,1.4107,False,False,0.0,0.0,FINISHED
Albania,Israel,0.5346192121505737,0.8656688928604126,0.5346192121505737,0.8656688928604126,0.5346,0.8657,False,False,0.0,1.0,FINISHED
Wales,Ghana,1.6644700765609741,1.0082199573516846,1.6644700765609741,1.0082199573516846,1.6645,1.0082,False,False,1.0,1.0,FINISHED
Morocco,Madagascar,3.150867223739624,0.17313343286514282,3.150867223739624,0.17313343286514282,3.1509,0.1731,False,False,4.0,0.0,FINISHED
Haiti,New Zealand,1.351555585861206,1.4155353307724,1.351555585861206,1.4155353307724,1.3516,1.4155,False,False,4.0,0.0,FINISHED
Georgia,Romania,1.4822149276733398,0.6739993691444397,1.4822149276733398,0.6739993691444397,1.4822,0.674,False,False,1.0,1.0,FINISHED
Croatia,Belgium,1.3520846366882324,1.714730143547058,1.3520846366882324,1.714730143547058,1.3521,1.7147,False,False,0.0,2.0,FINISHED
Turkey,North Macedonia,3.0555851459503174,0.4785478711128235,3.0555851459503174,0.4785478711128235,3.0556,0.4785,False,False,4.0,0.0,FINISHED
Slovakia,Malta,2.329279899597168,0.2251698076725006,2.329279899597168,0.2251698076725006,2.3293,0.2252,False,False,2.0,1.0,FINISHED
Norway,Sweden,2.7942306995391846,1.151594638824463,2.7942306995391846,1.151594638824463,2.7942,1.1516,False,False,3.0,1.0,FINISHED
Colombia,Costa Rica,2.4392383098602295,0.10916472226381302,2.4392383098602295,0.10916472226381302,2.4392,0.1092,False,False,3.0,1.0,FINISHED
Canada,Uzbekistan,1.7859704494476318,1.4868192672729492,1.7859704494476318,1.4868192672729492,1.786,1.4868,False,False,2.0,0.0,FINISHED
Bulgaria,Montenegro,1.2635679244995117,1.7821677923202515,1.2635679244995117,1.7821677923202515,1.2636,1.7822,False,False,0.0,1.0,FINISHED
Austria,Tunisia,1.7340315580368042,0.4241895079612732,1.7340315580368042,0.4241895079612732,1.734,0.4242,False,False,1.0,0.0,FINISHED
Japan,Iceland,2.544785976409912,0.23512065410614014,2.544785976409912,0.23512065410614014,2.5448,0.2351,False,False,1.0,0.0,FINISHED
United States,Senegal,1.8673664331436157,2.5648491382598877,1.8673664331436157,2.5648491382598877,1.8674,2.5648,False,False,3.0,2.0,FINISHED
Switzerland,Jordan,2.697394371032715,0.4914713501930237,2.697394371032715,0.4914713501930237,2.6974,0.4915,False,False,4.0,1.0,FINISHED
Singapore,Mongolia,3.0308139324188232,0.871421217918396,3.0308139324188232,0.871421217918396,3.0308,0.8714,False,False,4.0,0.0,FINISHED
Poland,Ukraine,1.3726886510849,1.3284636735916138,1.3726886510849,1.3284636735916138,1.3727,1.3285,False,False,0.0,2.0,FINISHED
Germany,Finland,3.25607967376709,0.7848697900772095,3.25607967376709,0.7848697900772095,3.2561,0.7849,False,False,4.0,0.0,FINISHED
Czechia,Kosovo,1.400071144104004,1.3827989101409912,1.400071144104004,1.3827989101409912,1.4001,1.3828,False,False,2.0,1.0,FINISHED
Cape Verde,Serbia,0.5708823204040527,0.8882060050964355,0.5708823204040527,0.8882060050964355,0.5709,0.8882,False,False,3.0,0.0,FINISHED
Brazil,Panama,2.1757659912109375,0.46567317843437195,2.1757659912109375,0.46567317843437195,2.1758,0.4657,False,False,6.0,2.0,FINISHED
Scotland,Curaçao,1.603413462638855,1.105276346206665,1.603413462638855,1.105276346206665,1.6034,1.1053,False,False,4.0,1.0,FINISHED
Mexico,Australia,1.9170726537704468,1.2308963537216187,1.9170726537704468,1.2308963537216187,1.9171,1.2309,False,False,1.0,0.0,FINISHED
South Korea,Trinidad and Tobago,2.205899715423584,0.5656189918518066,2.205899715423584,0.5656189918518066,2.2059,0.5656,False,False,5.0,0.0,FINISHED
Ecuador,Saudi Arabia,1.8324612379074097,0.7806910276412964,1.8324612379074097,0.7806910276412964,1.8325,0.7807,False,False,2.0,1.0,FINISHED
South Africa,Nicaragua,1.5806443691253662,0.7417307496070862,1.5806443691253662,0.7417307496070862,1.5806,0.7417,False,False,0.0,0.0,FINISHED
Iran,Gambia,3.0873563289642334,1.509677529335022,3.0873563289642334,1.509677529335022,3.0874,1.5097,False,False,3.0,1.0,FINISHED
Bosnia and Herzegovina,North Macedonia,1.2718254327774048,1.03915274143219,1.2718254327774048,1.03915274143219,1.2718,1.0392,False,False,0.0,0.0,FINISHED
Andorra,Iraq,0.2693933844566345,2.270418882369995,0.2693933844566345,2.270418882369995,0.2694,2.2704,False,False,0.0,1.0,FINISHED
Egypt,Russia,1.8365888595581055,1.708644986152649,1.8365888595581055,1.708644986152649,1.8366,1.7086,False,False,1.0,0.0,FINISHED
Republic of Ireland,Qatar,1.6747839450836182,1.3953007459640503,1.6747839450836182,1.3953007459640503,1.6748,1.3953,False,False,1.0,0.0,FINISHED
Morocco,Burundi,3.328806161880493,0.5413278341293335,3.328806161880493,0.5413278341293335,3.3288,0.5413,False,False,5.0,0.0,FINISHED
West Ham United FC,Leeds United FC,1.1560174226760864,1.5034798383712769,1.1560174226760864,1.5034798383712769,1.156,1.5035,False,False,3.0,0.0,FINISHED
Tottenham Hotspur FC,Everton FC,0.7979332804679871,2.155853033065796,0.7979332804679871,2.155853033065796,0.7979,2.1559,False,False,1.0,0.0,FINISHED
Nottingham Forest FC,AFC Bournemouth,1.1520615816116333,1.3069391250610352,1.1520615816116333,1.3069391250610352,1.1521,1.3069,False,False,1.0,1.0,FINISHED
Manchester City FC,Aston Villa FC,2.507780075073242,0.949489951133728,2.507780075073242,0.949489951133728,2.5078,0.9495,False,False,1.0,2.0,FINISHED
Liverpool FC,Brentford FC,1.495840311050415,0.9545307159423828,1.495840311050415,0.9545307159423828,1.4958,0.9545,False,False,1.0,1.0,FINISHED
Fulham FC,Newcastle United FC,1.372328758239746,1.171284556388855,1.372328758239746,1.171284556388855,1.3723,1.1713,False,False,2.0,0.0,FINISHED
Burnley FC,Wolverhampton Wanderers FC,1.7350471019744873,0.9785151481628418,1.7350471019744873,0.9785151481628418,1.735,0.9785,False,False,1.0,1.0,FINISHED
Crystal Palace FC,Arsenal FC,0.8951069712638855,1.863024353981018,0.8951069712638855,1.863024353981018,0.8951,1.863,False,False,1.0,2.0,FINISHED
Brighton & Hove Albion FC,Manchester United FC,1.157577395439148,0.772830069065094,1.157577395439148,0.772830069065094,1.1576,0.7728,False,False,0.0,3.0,FINISHED
Sunderland AFC,Chelsea FC,1.3480950593948364,1.1517373323440552,1.3480950593948364,1.1517373323440552,1.3481,1.1517,False,False,2.0,1.0,FINISHED
Mexico,Ghana,1.9818283319473267,0.9768021702766418,1.9818283319473267,0.9768021702766418,1.9818,0.9768,False,False,2.0,0.0,FINISHED
Chelsea FC,Tottenham Hotspur FC,3.054011344909668,1.2598187923431396,3.054011344909668,1.2598187923431396,3.054,1.2598,False,False,2.0,1.0,FINISHED
AFC Bournemouth,Manchester City FC,1.1758904457092285,1.6363986730575562,1.1758904457092285,1.6363986730575562,1.1759,1.6364,False,False,1.0,1.0,FINISHED
Arsenal FC,Burnley FC,3.4831292629241943,0.7171491980552673,3.4831292629241943,0.7171491980552673,3.4831,0.7171,False,False,1.0,0.0,FINISHED
Newcastle United FC,West Ham United FC,1.5137686729431152,1.6515616178512573,1.5137686729431152,1.6515616178512573,1.5138,1.6516,False,False,3.0,1.0,FINISHED
Wolverhampton Wanderers FC,Fulham FC,0.7250469923019409,1.3297605514526367,0.7250469923019409,1.3297605514526367,0.725,1.3298,False,False,1.0,1.0,FINISHED
Leeds United FC,Brighton & Hove Albion FC,1.591701865196228,1.618261694908142,1.591701865196228,1.618261694908142,1.5917,1.6183,False,False,1.0,0.0,FINISHED
Everton FC,Sunderland AFC,0.6900500059127808,1.2067312002182007,0.6900500059127808,1.2067312002182007,0.6901,1.2067,False,False,1.0,3.0,FINISHED
Brentford FC,Crystal Palace FC,1.9698070287704468,0.7934340238571167,1.9698070287704468,0.7934340238571167,1.9698,0.7934,False,False,2.0,2.0,FINISHED
Manchester United FC,Nottingham Forest FC,1.906738042831421,0.5661713480949402,1.906738042831421,0.5661713480949402,1.9067,0.5662,False,False,3.0,2.0,FINISHED
Aston Villa FC,Liverpool FC,1.3999675512313843,1.4905765056610107,1.3999675512313843,1.4905765056610107,1.4,1.4906,False,False,4.0,2.0,FINISHED
Republic of Ireland,Grenada,3.145876884460449,0.7419552206993103,3.145876884460449,0.7419552206993103,3.1459,0.742,False,False,5.0,0.0,FINISHED
Manchester City FC,Crystal Palace FC,2.665764808654785,0.501219630241394,2.665764808654785,0.501219630241394,2.6658,0.5012,False,False,3.0,0.0,FINISHED
Tottenham Hotspur FC,Leeds United FC,0.5065569281578064,1.4614654779434204,0.5065569281578064,1.4614654779434204,0.5066,1.4615,False,False,1.0,1.0,FINISHED
West Ham United FC,Arsenal FC,1.0152108669281006,2.276904821395874,1.0152108669281006,2.276904821395874,1.0152,2.2769,False,False,0.0,1.0,FINISHED
Nottingham Forest FC,Newcastle United FC,1.969320297241211,0.8501769304275513,1.969320297241211,0.8501769304275513,1.9693,0.8502,False,False,1.0,1.0,FINISHED
Burnley FC,Aston Villa FC,0.8872814774513245,2.5208818912506104,0.8872814774513245,2.5208818912506104,0.8873,2.5209,False,False,2.0,2.0,FINISHED
Crystal Palace FC,Everton FC,1.657467246055603,1.2129764556884766,1.657467246055603,1.2129764556884766,1.6575,1.213,False,False,2.0,2.0,FINISHED
Manchester City FC,Brentford FC,1.7652897834777832,0.8269482851028442,1.7652897834777832,0.8269482851028442,1.7653,0.8269,False,False,3.0,0.0,FINISHED
Fulham FC,AFC Bournemouth,1.3464043140411377,1.0994964838027954,1.3464043140411377,1.0994964838027954,1.3464,1.0995,False,False,0.0,1.0,FINISHED
Brighton & Hove Albion FC,Wolverhampton Wanderers FC,1.6426562070846558,0.4280816614627838,1.6426562070846558,0.4280816614627838,1.6427,0.4281,False,False,3.0,0.0,FINISHED
Sunderland AFC,Manchester United FC,1.0704894065856934,1.4921623468399048,1.0704894065856934,1.4921623468399048,1.0705,1.4922,False,False,0.0,0.0,FINISHED
Liverpool FC,Chelsea FC,3.4865152835845947,1.0033944845199585,3.4865152835845947,1.0033944845199585,3.4865,1.0034,False,False,1.0,1.0,FINISHED
Everton FC,Manchester City FC,1.1683905124664307,1.2554672956466675,1.1683905124664307,1.2554672956466675,1.1684,1.2555,False,False,3.0,3.0,FINISHED
Chelsea FC,Nottingham Forest FC,0.7039774656295776,2.0918030738830566,0.7039774656295776,2.0918030738830566,0.704,2.0918,False,False,1.0,3.0,FINISHED
Aston Villa FC,Tottenham Hotspur FC,2.1312780380249023,0.7066504955291748,2.1312780380249023,0.7066504955291748,2.1313,0.7067,False,False,1.0,2.0,FINISHED
Manchester United FC,Liverpool FC,3.045814275741577,0.5539486408233643,3.045814275741577,0.5539486408233643,3.0458,0.5539,False,False,3.0,2.0,FINISHED
AFC Bournemouth,Crystal Palace FC,2.1667792797088623,0.5395736694335938,2.1667792797088623,0.5395736694335938,2.1668,0.5396,False,False,3.0,0.0,FINISHED
Arsenal FC,Fulham FC,2.2831614017486572,0.8835071921348572,2.2831614017486572,0.8835071921348572,2.2832,0.8835,False,False,3.0,0.0,FINISHED
Wolverhampton Wanderers FC,Sunderland AFC,0.9419394135475159,1.4001885652542114,0.9419394135475159,1.4001885652542114,0.9419,1.4002,False,False,1.0,1.0,FINISHED
Newcastle United FC,Brighton & Hove Albion FC,1.3956726789474487,1.4071635007858276,1.3956726789474487,1.4071635007858276,1.3957,1.4072,False,False,3.0,1.0,FINISHED
Brentford FC,West Ham United FC,1.4775972366333008,0.8504089117050171,1.4775972366333008,0.8504089117050171,1.4776,0.8504,False,False,3.0,0.0,FINISHED
Leeds United FC,Burnley FC,2.076120138168335,0.5190849900245667,2.076120138168335,0.5190849900245667,2.0761,0.5191,False,False,3.0,1.0,FINISHED
Manchester United FC,Brentford FC,1.5978477001190186,0.3664161264896393,1.5978477001190186,0.3664161264896393,1.5978,0.3664,False,False,2.0,1.0,FINISHED
Arsenal FC,Newcastle United FC,2.403830051422119,0.6241218447685242,2.403830051422119,0.6241218447685242,2.4038,0.6241,False,False,1.0,0.0,FINISHED
Wolverhampton Wanderers FC,Tottenham Hotspur FC,0.9942622780799866,1.1790542602539062,0.9942622780799866,1.1790542602539062,0.9943,1.1791,False,False,0.0,1.0,FINISHED
West Ham United FC,Everton FC,1.5755571126937866,1.121307373046875,1.5755571126937866,1.121307373046875,1.5756,1.1213,False,False,2.0,1.0,FINISHED
Liverpool FC,Crystal Palace FC,1.9944638013839722,1.033316969871521,1.9944638013839722,1.033316969871521,1.9945,1.0333,False,False,3.0,1.0,FINISHED
Fulham FC,Aston Villa FC,1.3594305515289307,1.5483477115631104,1.3594305515289307,1.5483477115631104,1.3594,1.5483,False,False,1.0,0.0,FINISHED
Sunderland AFC,Nottingham Forest FC,0.8806400299072266,1.4746376276016235,0.8806400299072266,1.4746376276016235,0.8806,1.4746,False,False,0.0,5.0,FINISHED
Burnley FC,Manchester City FC,1.1462316513061523,2.320248603820801,1.1462316513061523,2.320248603820801,1.1462,2.3202,False,False,0.0,1.0,FINISHED
AFC Bournemouth,Leeds United FC,2.1783342361450195,0.8128763437271118,2.1783342361450195,0.8128763437271118,2.1783,0.8129,False,False,2.0,2.0,FINISHED
Brighton & Hove Albion FC,Chelsea FC,1.8286144733428955,1.3303697109222412,1.8286144733428955,1.3303697109222412,1.8286,1.3304,False,False,3.0,0.0,FINISHED
Crystal Palace FC,West Ham United FC,0.9381693005561829,1.340775728225708,0.9381693005561829,1.340775728225708,0.9382,1.3408,False,False,0.0,0.0,FINISHED
Manchester City FC,Arsenal FC,1.7083542346954346,1.252439260482788,1.7083542346954346,1.252439260482788,1.7084,1.2524,False,False,2.0,1.0,FINISHED
Everton FC,Liverpool FC,0.9054707884788513,1.1773855686187744,0.9054707884788513,1.1773855686187744,0.9055,1.1774,False,False,1.0,2.0,FINISHED
Aston Villa FC,Sunderland AFC,1.9986412525177002,0.6395538449287415,1.9986412525177002,0.6395538449287415,1.9986,0.6396,False,False,4.0,3.0,FINISHED
Nottingham Forest FC,Burnley FC,2.322322368621826,0.4555097222328186,2.322322368621826,0.4555097222328186,2.3223,0.4555,False,False,4.0,1.0,FINISHED
Chelsea FC,Manchester United FC,1.8159037828445435,1.508591651916504,1.8159037828445435,1.508591651916504,1.8159,1.5086,False,False,0.0,1.0,FINISHED
Tottenham Hotspur FC,Brighton & Hove Albion FC,1.339682936668396,1.0273101329803467,1.339682936668396,1.0273101329803467,1.3397,1.0273,False,False,2.0,2.0,FINISHED
Leeds United FC,Wolverhampton Wanderers FC,2.4558539390563965,0.4056875705718994,2.4558539390563965,0.4056875705718994,2.4559,0.4057,False,False,3.0,0.0,FINISHED
Newcastle United FC,AFC Bournemouth,1.272085189819336,1.3325623273849487,1.272085189819336,1.3325623273849487,1.2721,1.3326,False,False,1.0,2.0,FINISHED
Brentford FC,Fulham FC,1.22040855884552,0.8017107844352722,1.22040855884552,0.8017107844352722,1.2204,0.8017,False,False,0.0,0.0,FINISHED
Manchester United FC,Leeds United FC,1.6408259868621826,0.5590173006057739,1.6408259868621826,0.5590173006057739,1.6408,0.559,False,False,1.0,2.0,FINISHED
Chelsea FC,Manchester City FC,1.3920221328735352,1.4314351081848145,1.3920221328735352,1.4314351081848145,1.392,1.4314,False,False,0.0,3.0,FINISHED
Nottingham Forest FC,Aston Villa FC,0.8568925857543945,1.2457445859909058,0.8568925857543945,1.2457445859909058,0.8569,1.2457,False,False,1.0,1.0,FINISHED
Crystal Palace FC,Newcastle United FC,0.8686763048171997,1.6900490522384644,0.8686763048171997,1.6900490522384644,0.8687,1.69,False,False,2.0,1.0,FINISHED
Sunderland AFC,Tottenham Hotspur FC,2.145280599594116,1.005113124847412,2.145280599594116,1.005113124847412,2.1453,1.0051,False,False,1.0,0.0,FINISHED
Liverpool FC,Fulham FC,1.8553540706634521,0.531825840473175,1.8553540706634521,0.531825840473175,1.8554,0.5318,False,False,2.0,0.0,FINISHED
Burnley FC,Brighton & Hove Albion FC,1.0469374656677246,1.6379387378692627,1.0469374656677246,1.6379387378692627,1.0469,1.6379,False,False,0.0,2.0,FINISHED
Brentford FC,Everton FC,1.3146682977676392,1.091849684715271,1.3146682977676392,1.091849684715271,1.3147,1.0918,False,False,2.0,2.0,FINISHED
Arsenal FC,AFC Bournemouth,1.886775255203247,1.0048565864562988,1.886775255203247,1.0048565864562988,1.8868,1.0049,False,False,1.0,2.0,FINISHED
West Ham United FC,Wolverhampton Wanderers FC,1.8603214025497437,0.5806071162223816,1.8603214025497437,0.5806071162223816,1.8603,0.5806,False,False,4.0,0.0,FINISHED
Algeria,Uruguay,0.5844773054122925,0.6741232872009277,0.5844773054122925,0.6741232872009277,0.5845,0.6741,False,False,0.0,0.0,FINISHED
Argentina,Zambia,4.455155849456787,0.6073909997940063,4.455155849456787,0.6073909997940063,4.4552,0.6074,False,False,5.0,0.0,FINISHED
Austria,South Korea,2.0175247192382812,1.340644359588623,2.0175247192382812,1.340644359588623,2.0175,1.3406,False,False,1.0,0.0,FINISHED
Brazil,Croatia,2.010531425476074,1.5018620491027832,2.010531425476074,1.5018620491027832,2.0105,1.5019,False,False,3.0,1.0,FINISHED
Burkina Faso,Guinea-Bissau,1.8623353242874146,0.6838449835777283,1.8623353242874146,0.6838449835777283,1.8623,0.6838,False,False,1.0,1.0,FINISHED
Canada,Tunisia,1.4188905954360962,0.8761948943138123,1.4188905954360962,0.8761948943138123,1.4189,0.8762,False,False,0.0,0.0,FINISHED
Costa Rica,Iran,0.9370686411857605,1.5851505994796753,0.9370686411857605,1.5851505994796753,0.9371,1.5852,False,False,0.0,5.0,FINISHED
England,Japan,2.64667010307312,0.9590955376625061,2.64667010307312,0.9590955376625061,2.6467,0.9591,False,False,0.0,1.0,FINISHED
Equatorial Guinea,Madagascar,1.6120212078094482,1.3786935806274414,1.6120212078094482,1.3786935806274414,1.612,1.3787,False,False,1.0,1.0,FINISHED
Haiti,Iceland,2.6943769454956055,0.7052642703056335,2.6943769454956055,0.7052642703056335,2.6944,0.7053,False,False,1.0,1.0,FINISHED
Hungary,Greece,1.2517966032028198,1.5119538307189941,1.2517966032028198,1.5119538307189941,1.2518,1.512,False,False,0.0,0.0,FINISHED
Ivory Coast,Scotland,1.7536976337432861,1.3086936473846436,1.7536976337432861,1.3086936473846436,1.7537,1.3087,False,False,1.0,0.0,FINISHED
Jordan,Nigeria,0.8807107210159302,1.2100473642349243,0.8807107210159302,1.2100473642349243,0.8807,1.21,False,False,2.0,2.0,FINISHED
Mexico,Belgium,1.604504942893982,1.6823972463607788,1.604504942893982,1.6823972463607788,1.6045,1.6824,False,False,1.0,1.0,FINISHED
Montenegro,Slovenia,0.9832997918128967,3.4823126792907715,0.9832997918128967,3.4823126792907715,0.9833,3.4823,False,False,2.0,3.0,FINISHED
Morocco,Paraguay,1.242803692817688,1.1646544933319092,1.242803692817688,1.1646544933319092,1.2428,1.1647,False,False,2.0,1.0,FINISHED
Netherlands,Ecuador,1.8138158321380615,1.578804612159729,1.8138158321380615,1.578804612159729,1.8138,1.5788,False,False,1.0,1.0,FINISHED
Norway,Switzerland,1.5417513847351074,1.034064531326294,1.5417513847351074,1.034064531326294,1.5418,1.0341,False,False,0.0,0.0,FINISHED
Peru,Honduras,1.5968475341796875,0.8956166505813599,1.5968475341796875,0.8956166505813599,1.5968,0.8956,False,False,2.0,2.0,FINISHED
Russia,Mali,1.1122390031814575,0.6106727123260498,1.1122390031814575,0.6106727123260498,1.1122,0.6107,False,False,0.0,0.0,FINISHED
Republic of Ireland,North Macedonia,2.342921495437622,0.7098971009254456,2.342921495437622,0.7098971009254456,2.3429,0.7099,False,False,0.0,0.0,FINISHED
San Marino,Andorra,0.3192331790924072,1.7552576065063477,0.3192331790924072,1.7552576065063477,0.3192,1.7553,False,False,0.0,0.0,FINISHED
Senegal,Gambia,2.618912696838379,1.3741806745529175,2.618912696838379,1.3741806745529175,2.6189,1.3742,False,False,3.0,1.0,FINISHED
Serbia,Saudi Arabia,0.8013640642166138,1.325935959815979,0.8013640642166138,1.325935959815979,0.8014,1.3259,False,False,2.0,1.0,FINISHED
Slovakia,Romania,2.1275651454925537,0.7697527408599854,2.1275651454925537,0.7697527408599854,2.1276,0.7698,False,False,2.0,0.0,FINISHED
South Africa,Panama,1.1505135297775269,1.174281120300293,1.1505135297775269,1.174281120300293,1.1505,1.1743,False,False,1.0,2.0,FINISHED
Spain,Egypt,2.4698984622955322,0.2444339543581009,2.4698984622955322,0.2444339543581009,2.4699,0.2444,False,False,0.0,0.0,FINISHED
Ukraine,Albania,1.6328531503677368,0.5486536026000977,1.6328531503677368,0.5486536026000977,1.6329,0.5487,False,False,1.0,0.0,FINISHED
United States,Portugal,1.7686280012130737,1.3922274112701416,1.7686280012130737,1.3922274112701416,1.7686,1.3922,False,False,0.0,2.0,FINISHED
Wales,Northern Ireland,1.4135891199111938,1.2446893453598022,1.4135891199111938,1.2446893453598022,1.4136,1.2447,False,False,1.0,1.0,FINISHED
Congo DR,Jamaica,1.5714226961135864,1.000209927558899,1.5714226961135864,1.000209927558899,1.5714,1.0002,False,False,1.0,0.0,FINISHED
Iraq,Bolivia,1.8950809240341187,1.2208658456802368,1.8950809240341187,1.2208658456802368,1.8951,1.2209,False,False,2.0,1.0,FINISHED
Bosnia and Herzegovina,Italy,0.8530077934265137,1.3285579681396484,0.8530077934265137,1.3285579681396484,0.853,1.3286,False,False,1.0,1.0,FINISHED
Sweden,Poland,2.46427845954895,1.0325871706008911,2.46427845954895,1.0325871706008911,2.4643,1.0326,False,False,3.0,2.0,FINISHED
Kosovo,Turkey,1.3506276607513428,1.2933032512664795,1.3506276607513428,1.2933032512664795,1.3506,1.2933,False,False,0.0,1.0,FINISHED
Czechia,Denmark,1.005524754524231,1.218927025794983,1.005524754524231,1.218927025794983,1.0055,1.2189,False,False,2.0,2.0,FINISHED
Cyprus,Moldova,1.3588290214538574,1.3333215713500977,1.3588290214538574,1.3333215713500977,1.3588,1.3333,False,False,3.0,2.0,FINISHED
Germany,Ghana,2.92803692817688,0.8711023926734924,2.92803692817688,0.8711023926734924,2.928,0.8711,False,False,2.0,1.0,FINISHED
Armenia,Belarus,0.6624448895454407,1.5676963329315186,0.6624448895454407,1.5676963329315186,0.6624,1.5677,False,False,1.0,2.0,FINISHED
Colombia,France,1.8338347673416138,0.7526626586914062,1.8338347673416138,0.7526626586914062,1.8338,0.7527,False,False,1.0,3.0,FINISHED
Lithuania,Georgia,0.4006306231021881,2.5229406356811523,0.4006306231021881,2.5229406356811523,0.4006,2.5229,False,False,0.0,2.0,FINISHED
Burkina Faso,Guinea-Bissau,2.1444265842437744,0.42208296060562134,2.1444265842437744,0.42208296060562134,2.1444,0.4221,False,False,5.0,0.0,FINISHED
Canada,Iceland,2.7370445728302,0.9059764742851257,2.7370445728302,0.9059764742851257,2.737,0.906,False,False,2.0,2.0,FINISHED
Haiti,Tunisia,1.1052485704421997,1.5839015245437622,1.1052485704421997,1.5839015245437622,1.1052,1.5839,False,False,0.0,1.0,FINISHED
Hungary,Slovenia,1.551233172416687,2.1287527084350586,1.551233172416687,2.1287527084350586,1.5512,2.1288,False,False,1.0,0.0,FINISHED
Ivory Coast,South Korea,1.1720224618911743,1.2686139345169067,1.1720224618911743,1.2686139345169067,1.172,1.2686,False,False,4.0,0.0,FINISHED
Mexico,Portugal,1.678076982498169,1.806912899017334,1.678076982498169,1.806912899017334,1.6781,1.8069,False,False,0.0,0.0,FINISHED
San Marino,Faroe Islands,0.6651012897491455,2.240028142929077,0.6651012897491455,2.240028142929077,0.6651,2.24,False,False,1.0,2.0,FINISHED
Scotland,Japan,1.05785071849823,2.525909185409546,1.05785071849823,2.525909185409546,1.0579,2.5259,False,False,0.0,1.0,FINISHED
Senegal,Peru,1.234293818473816,1.0894421339035034,1.234293818473816,1.0894421339035034,1.2343,1.0894,False,False,2.0,0.0,FINISHED
United States,Belgium,2.098273754119873,2.3597898483276367,2.098273754119873,2.3597898483276367,2.0983,2.3598,False,False,2.0,5.0,FINISHED
Kyrgyzstan,Madagascar,2.0157063007354736,0.4743340313434601,2.0157063007354736,0.4743340313434601,2.0157,0.4743,False,False,2.0,5.0,FINISHED
Algeria,Guatemala,1.1853514909744263,1.0009634494781494,1.1853514909744263,1.0009634494781494,1.1854,1.001,False,False,7.0,0.0,FINISHED
Argentina,Mauritania,4.581406593322754,0.5625101327896118,4.581406593322754,0.5625101327896118,4.5814,0.5625,False,False,2.0,1.0,FINISHED
Austria,Ghana,1.654100775718689,0.7619015574455261,1.654100775718689,0.7619015574455261,1.6541,0.7619,False,False,5.0,1.0,FINISHED
England,Uruguay,2.409407615661621,0.5440947413444519,2.409407615661621,0.5440947413444519,2.4094,0.5441,False,False,1.0,1.0,FINISHED
Greece,Paraguay,0.7643861770629883,1.6478673219680786,0.7643861770629883,1.6478673219680786,0.7644,1.6479,False,False,0.0,1.0,FINISHED
Montenegro,Andorra,2.469195604324341,0.1362200826406479,2.469195604324341,0.1362200826406479,2.4692,0.1362,False,False,2.0,0.0,FINISHED
Morocco,Ecuador,1.3317030668258667,1.4137446880340576,1.3317030668258667,1.4137446880340576,1.3317,1.4137,False,False,1.0,1.0,FINISHED
Netherlands,Norway,1.1615427732467651,1.7776962518692017,1.1615427732467651,1.7776962518692017,1.1615,1.7777,False,False,2.0,1.0,FINISHED
Saudi Arabia,Egypt,1.1174205541610718,1.3869704008102417,1.1174205541610718,1.3869704008102417,1.1174,1.387,False,False,0.0,4.0,FINISHED
South Africa,Panama,0.8639976978302002,1.109726905822754,0.8639976978302002,1.109726905822754,0.864,1.1097,False,False,1.0,1.0,FINISHED
Spain,Serbia,2.542104721069336,0.7480456233024597,2.542104721069336,0.7480456233024597,2.5421,0.748,False,False,3.0,0.0,FINISHED
Russia,Nicaragua,2.4102983474731445,0.7872111201286316,2.4102983474731445,0.7872111201286316,2.4103,0.7872,False,False,3.0,1.0,FINISHED
Switzerland,Germany,2.062317371368408,1.127943515777588,2.062317371368408,1.127943515777588,2.0623,1.1279,False,False,3.0,4.0,FINISHED
Costa Rica,Jordan,1.6402181386947632,0.9791306257247925,1.6402181386947632,0.9791306257247925,1.6402,0.9791,False,False,2.0,2.0,FINISHED
Iran,Nigeria,1.3174875974655151,0.8105120658874512,1.3174875974655151,0.8105120658874512,1.3175,0.8105,False,False,1.0,2.0,FINISHED
Brazil,France,1.5253958702087402,0.6334354877471924,1.5253958702087402,0.6334354877471924,1.5254,0.6334,False,False,1.0,2.0,FINISHED
Colombia,Croatia,1.8824876546859741,1.5774768590927124,1.8824876546859741,1.5774768590927124,1.8825,1.5775,False,False,1.0,2.0,FINISHED
Cyprus,Belarus,1.2568299770355225,2.578730583190918,1.2568299770355225,2.578730583190918,1.2568,2.5787,False,False,0.0,1.0,FINISHED
Georgia,Israel,2.500257968902588,0.9069533944129944,2.500257968902588,0.9069533944129944,2.5003,0.907,False,False,2.0,2.0,FINISHED
Moldova,Lithuania,0.6247935891151428,1.3661738634109497,0.6247935891151428,1.3661738634109497,0.6248,1.3662,False,False,0.0,2.0,FINISHED
Vietnam,Bangladesh,1.8325915336608887,0.6684879064559937,1.8325915336608887,0.6684879064559937,1.8326,0.6685,False,False,3.0,0.0,FINISHED
New Caledonia,Jamaica,0.8408189415931702,1.6591702699661255,0.8408189415931702,1.6591702699661255,0.8408,1.6592,False,False,0.0,1.0,FINISHED
Bolivia,Suriname,2.5378098487854004,0.16157537698745728,2.5378098487854004,0.16157537698745728,2.5378,0.1616,False,False,2.0,1.0,FINISHED
Italy,Northern Ireland,1.7306183576583862,0.6567579507827759,1.7306183576583862,0.6567579507827759,1.7306,0.6568,False,False,2.0,0.0,FINISHED
Wales,Bosnia and Herzegovina,2.402721643447876,0.8869183659553528,2.402721643447876,0.8869183659553528,2.4027,0.8869,False,False,1.0,1.0,FINISHED
Poland,Albania,1.7588272094726562,0.7220124006271362,1.7588272094726562,0.7220124006271362,1.7588,0.722,False,False,2.0,1.0,FINISHED
Ukraine,Sweden,1.5808299779891968,1.2108778953552246,1.5808299779891968,1.2108778953552246,1.5808,1.2109,False,False,1.0,3.0,FINISHED
Slovakia,Kosovo,0.9119572043418884,1.284595251083374,0.9119572043418884,1.284595251083374,0.912,1.2846,False,False,3.0,4.0,FINISHED
Turkey,Romania,2.9630863666534424,1.0212311744689941,2.9630863666534424,1.0212311744689941,2.9631,1.0212,False,False,1.0,0.0,FINISHED
Czechia,Republic of Ireland,1.2278029918670654,1.1930921077728271,1.2278029918670654,1.1930921077728271,1.2278,1.1931,False,False,2.0,2.0,FINISHED
Denmark,North Macedonia,2.5501339435577393,0.6330214142799377,2.5501339435577393,0.6330214142799377,2.5501,0.633,False,False,4.0,0.0,FINISHED
Bermuda,Congo DR,0.6614136695861816,2.5364832878112793,0.6614136695861816,2.5364832878112793,0.6614,2.5365,False,False,0.0,2.0,FINISHED
Equatorial Guinea,Kyrgyzstan,0.5394058227539062,1.0514934062957764,0.5394058227539062,1.0514934062957764,0.5394,1.0515,False,False,1.0,0.0,FINISHED
Aston Villa FC,West Ham United FC,2.1329915523529053,1.0166031122207642,2.1329915523529053,1.0166031122207642,2.133,1.0166,False,False,2.0,0.0,FINISHED
Tottenham Hotspur FC,Nottingham Forest FC,1.1362559795379639,1.6622391939163208,1.1362559795379639,1.6622391939163208,1.1363,1.6622,False,False,0.0,3.0,FINISHED
Newcastle United FC,Sunderland AFC,0.5710883140563965,1.3333901166915894,0.5710883140563965,1.3333901166915894,0.5711,1.3334,False,False,1.0,2.0,FINISHED
Leeds United FC,Brentford FC,1.3230963945388794,1.1184638738632202,1.3230963945388794,1.1184638738632202,1.3231,1.1185,False,False,0.0,0.0,FINISHED
Everton FC,Chelsea FC,1.3367483615875244,1.08830726146698,1.3367483615875244,1.08830726146698,1.3367,1.0883,False,False,3.0,0.0,FINISHED
Fulham FC,Burnley FC,2.036430597305298,0.6914001107215881,2.036430597305298,0.6914001107215881,2.0364,0.6914,False,False,3.0,1.0,FINISHED
Brighton & Hove Albion FC,Liverpool FC,1.3410545587539673,0.9894821643829346,1.3410545587539673,0.9894821643829346,1.3411,0.9895,False,False,2.0,1.0,FINISHED
AFC Bournemouth,Manchester United FC,0.9673319458961487,0.9811305403709412,0.9673319458961487,0.9811305403709412,0.9673,0.9811,False,False,2.0,2.0,FINISHED
Brentford FC,Wolverhampton Wanderers FC,1.8874298334121704,0.8598283529281616,1.8874298334121704,0.8598283529281616,1.8874,0.8598,False,False,2.0,2.0,FINISHED
Liverpool FC,Tottenham Hotspur FC,3.379868745803833,1.062435507774353,3.379868745803833,1.062435507774353,3.3799,1.0624,False,False,1.0,1.0,FINISHED
Crystal Palace FC,Leeds United FC,1.2756543159484863,1.2263996601104736,1.2756543159484863,1.2263996601104736,1.2757,1.2264,False,False,0.0,0.0,FINISHED
Manchester United FC,Aston Villa FC,2.4265267848968506,0.5539871454238892,2.4265267848968506,0.5539871454238892,2.4265,0.554,False,False,3.0,1.0,FINISHED
Nottingham Forest FC,Fulham FC,1.3351280689239502,0.9238775372505188,1.3351280689239502,0.9238775372505188,1.3351,0.9239,False,False,0.0,0.0,FINISHED
West Ham United FC,Manchester City FC,1.0424330234527588,2.0747251510620117,1.0424330234527588,2.0747251510620117,1.0424,2.0747,False,False,1.0,1.0,FINISHED
Bolivia,Trinidad and Tobago,2.5713493824005127,0.47252726554870605,2.5713493824005127,0.47252726554870605,2.5713,0.4725,False,False,3.0,0.0,FINISHED
Arsenal FC,Everton FC,2.770461320877075,0.39921659231185913,2.770461320877075,0.39921659231185913,2.7705,0.3992,False,False,2.0,0.0,FINISHED
Chelsea FC,Newcastle United FC,1.0093833208084106,1.6335703134536743,1.0093833208084106,1.6335703134536743,1.0094,1.6336,False,False,0.0,1.0,FINISHED
Sunderland AFC,Brighton & Hove Albion FC,1.2016218900680542,1.2392666339874268,1.2016218900680542,1.2392666339874268,1.2016,1.2393,False,False,0.0,1.0,FINISHED
Burnley FC,AFC Bournemouth,0.8480573296546936,2.2329745292663574,0.8480573296546936,2.2329745292663574,0.8481,2.233,False,False,0.0,0.0,FINISHED
Tottenham Hotspur FC,Crystal Palace FC,1.2346365451812744,1.1224554777145386,1.2346365451812744,1.1224554777145386,1.2346,1.1225,False,False,1.0,3.0,FINISHED
Newcastle United FC,Manchester United FC,1.9455699920654297,0.964432954788208,1.9455699920654297,0.964432954788208,1.9456,0.9644,False,False,2.0,1.0,FINISHED
Aston Villa FC,Chelsea FC,2.0961735248565674,0.43412044644355774,2.0961735248565674,0.43412044644355774,2.0962,0.4341,False,False,1.0,4.0,FINISHED
Brighton & Hove Albion FC,Arsenal FC,1.2522391080856323,1.28147292137146,1.2522391080856323,1.28147292137146,1.2522,1.2815,False,False,0.0,1.0,FINISHED
Fulham FC,West Ham United FC,0.5183413028717041,0.816076934337616,0.5183413028717041,0.816076934337616,0.5183,0.8161,False,False,0.0,1.0,FINISHED
Manchester City FC,Nottingham Forest FC,1.514916181564331,0.3934057354927063,1.514916181564331,0.3934057354927063,1.5149,0.3934,False,False,2.0,2.0,FINISHED
Wolverhampton Wanderers FC,Liverpool FC,1.1107991933822632,1.2103279829025269,1.1107991933822632,1.2103279829025269,1.1108,1.2103,False,False,2.0,1.0,FINISHED
AFC Bournemouth,Brentford FC,2.417717933654785,0.9131631255149841,2.417717933654785,0.9131631255149841,2.4177,0.9132,False,False,0.0,0.0,FINISHED
Everton FC,Burnley FC,2.733452796936035,0.6868970394134521,2.733452796936035,0.6868970394134521,2.7335,0.6869,False,False,2.0,0.0,FINISHED
Leeds United FC,Sunderland AFC,1.7539660930633545,0.8185021877288818,1.7539660930633545,0.8185021877288818,1.754,0.8185,False,False,0.0,1.0,FINISHED
Arsenal FC,Chelsea FC,2.406289577484131,0.6801499128341675,2.406289577484131,0.6801499128341675,2.4063,0.6801,False,False,2.0,1.0,FINISHED
Brighton & Hove Albion FC,Nottingham Forest FC,1.2591829299926758,0.733287513256073,1.2591829299926758,0.733287513256073,1.2592,0.7333,False,False,2.0,1.0,FINISHED
Fulham FC,Tottenham Hotspur FC,1.813494086265564,0.8954752683639526,1.813494086265564,0.8954752683639526,1.8135,0.8955,False,False,2.0,1.0,FINISHED
Manchester United FC,Crystal Palace FC,2.420820474624634,0.44928035140037537,2.420820474624634,0.44928035140037537,2.4208,0.4493,False,False,2.0,1.0,FINISHED
Leeds United FC,Manchester City FC,1.4819114208221436,2.1599981784820557,1.4819114208221436,2.1599981784820557,1.4819,2.16,False,False,0.0,1.0,FINISHED
Burnley FC,Brentford FC,0.7607389688491821,2.1752312183380127,0.7607389688491821,2.1752312183380127,0.7607,2.1752,False,False,3.0,4.0,FINISHED
Liverpool FC,West Ham United FC,2.481419563293457,0.9650970697402954,2.481419563293457,0.9650970697402954,2.4814,0.9651,False,False,5.0,2.0,FINISHED
Newcastle United FC,Everton FC,1.1243070363998413,1.2402762174606323,1.1243070363998413,1.2402762174606323,1.1243,1.2403,False,False,2.0,3.0,FINISHED
AFC Bournemouth,Sunderland AFC,2.795823812484741,0.8680602312088013,2.795823812484741,0.8680602312088013,2.7958,0.8681,False,False,1.0,1.0,FINISHED
Wolverhampton Wanderers FC,Aston Villa FC,0.71892911195755,1.9309577941894531,0.71892911195755,1.9309577941894531,0.7189,1.931,False,False,2.0,0.0,FINISHED
Mexico,Iceland,2.5233500003814697,0.7370476126670837,2.5233500003814697,0.7370476126670837,2.5234,0.737,False,False,4.0,0.0,FINISHED
Everton FC,Manchester United FC,1.14858877658844,1.0865155458450317,1.14858877658844,1.0865155458450317,1.1486,1.0865,False,False,0.0,1.0,FINISHED
Tottenham Hotspur FC,Arsenal FC,0.9672386646270752,2.1114161014556885,0.9672386646270752,2.1114161014556885,0.9672,2.1114,False,False,1.0,4.0,FINISHED
Sunderland AFC,Fulham FC,1.3417178392410278,1.3335986137390137,1.3417178392410278,1.3335986137390137,1.3417,1.3336,False,False,1.0,3.0,FINISHED
Crystal Palace FC,Wolverhampton Wanderers FC,1.7032235860824585,0.8246225118637085,1.7032235860824585,0.8246225118637085,1.7032,0.8246,False,False,1.0,0.0,FINISHED
Nottingham Forest FC,Liverpool FC,0.989617109298706,1.0144561529159546,0.989617109298706,1.0144561529159546,0.9896,1.0145,False,False,0.0,1.0,FINISHED
Manchester City FC,Newcastle United FC,2.967479944229126,0.748910129070282,2.967479944229126,0.748910129070282,2.9675,0.7489,False,False,2.0,1.0,FINISHED
West Ham United FC,AFC Bournemouth,1.0144668817520142,1.515202522277832,1.0144668817520142,1.515202522277832,1.0145,1.5152,False,False,0.0,0.0,FINISHED
Aston Villa FC,Leeds United FC,1.4789780378341675,0.8192285895347595,1.4789780378341675,0.8192285895347595,1.479,0.8192,False,False,1.0,1.0,FINISHED
Brentford FC,Brighton & Hove Albion FC,1.2786121368408203,1.301822304725647,1.2786121368408203,1.301822304725647,1.2786,1.3018,False,False,0.0,2.0,FINISHED
Chelsea FC,Burnley FC,2.5728464126586914,0.550265908241272,2.5728464126586914,0.550265908241272,2.5728,0.5503,False,False,1.0,1.0,FINISHED
Wolverhampton Wanderers FC,Arsenal FC,0.5275444388389587,2.0546984672546387,0.5275444388389587,2.0546984672546387,0.5275,2.0547,False,False,2.0,2.0,FINISHED
Brentford FC,Arsenal FC,1.152360200881958,2.227289915084839,1.152360200881958,2.227289915084839,1.1524,2.2273,False,False,1.0,1.0,FINISHED
Sunderland AFC,Liverpool FC,0.7050896286964417,1.150776743888855,0.7050896286964417,1.150776743888855,0.7051,1.1508,False,False,0.0,1.0,FINISHED
Crystal Palace FC,Burnley FC,2.1824793815612793,0.9177665710449219,2.1824793815612793,0.9177665710449219,2.1825,0.9178,False,False,2.0,3.0,FINISHED
Aston Villa FC,Brighton & Hove Albion FC,1.5020005702972412,0.9276061058044434,1.5020005702972412,0.9276061058044434,1.502,0.9276,False,False,1.0,0.0,FINISHED
Manchester City FC,Fulham FC,2.5934977531433105,0.8107849359512329,2.5934977531433105,0.8107849359512329,2.5935,0.8108,False,False,3.0,0.0,FINISHED
Nottingham Forest FC,Wolverhampton Wanderers FC,1.8777130842208862,0.4799347519874573,1.8777130842208862,0.4799347519874573,1.8777,0.4799,False,False,0.0,0.0,FINISHED
West Ham United FC,Manchester United FC,0.854310929775238,1.7005342245101929,0.854310929775238,1.7005342245101929,0.8543,1.7005,False,False,1.0,1.0,FINISHED
Chelsea FC,Leeds United FC,1.338913083076477,1.527303695678711,1.338913083076477,1.527303695678711,1.3389,1.5273,False,False,2.0,2.0,FINISHED
Everton FC,AFC Bournemouth,0.6778587698936462,1.4269986152648926,0.6778587698936462,1.4269986152648926,0.6779,1.427,False,False,1.0,2.0,FINISHED
Tottenham Hotspur FC,Newcastle United FC,1.0747191905975342,1.3532257080078125,1.0747191905975342,1.3532257080078125,1.0747,1.3532,False,False,1.0,2.0,FINISHED
Liverpool FC,Manchester City FC,0.9794877767562866,1.4187991619110107,0.9794877767562866,1.4187991619110107,0.9795,1.4188,False,False,1.0,2.0,FINISHED
Brighton & Hove Albion FC,Crystal Palace FC,1.5723482370376587,0.6155409216880798,1.5723482370376587,0.6155409216880798,1.5723,0.6155,False,False,0.0,1.0,FINISHED
Newcastle United FC,Brentford FC,1.0357664823532104,1.8062044382095337,1.0357664823532104,1.8062044382095337,1.0358,1.8062,False,False,2.0,3.0,FINISHED
AFC Bournemouth,Aston Villa FC,1.2804760932922363,1.3768938779830933,1.2804760932922363,1.3768938779830933,1.2805,1.3769,False,False,1.0,1.0,FINISHED
Arsenal FC,Sunderland AFC,2.0125880241394043,0.5757861733436584,2.0125880241394043,0.5757861733436584,2.0126,0.5758,False,False,3.0,0.0,FINISHED
Burnley FC,West Ham United FC,1.5681248903274536,1.5087391138076782,1.5681248903274536,1.5087391138076782,1.5681,1.5087,False,False,0.0,2.0,FINISHED
Fulham FC,Everton FC,1.295693278312683,1.2006152868270874,1.295693278312683,1.2006152868270874,1.2957,1.2006,False,False,1.0,2.0,FINISHED
Wolverhampton Wanderers FC,Chelsea FC,1.0351386070251465,1.636135458946228,1.0351386070251465,1.636135458946228,1.0351,1.6361,False,False,1.0,3.0,FINISHED
Manchester United FC,Tottenham Hotspur FC,2.304048776626587,0.2112610787153244,2.304048776626587,0.2112610787153244,2.304,0.2113,False,False,2.0,0.0,FINISHED
Leeds United FC,Nottingham Forest FC,1.2386808395385742,1.7306225299835205,1.2386808395385742,1.7306225299835205,1.2387,1.7306,False,False,3.0,1.0,FINISHED
Sunderland AFC,Burnley FC,2.6903698444366455,0.9017085433006287,2.6903698444366455,0.9017085433006287,2.6904,0.9017,False,False,3.0,0.0,FINISHED
Tottenham Hotspur FC,Manchester City FC,0.7038487792015076,1.7545480728149414,0.7038487792015076,1.7545480728149414,0.7038,1.7545,False,False,2.0,2.0,FINISHED
Aston Villa FC,Brentford FC,1.4049376249313354,0.8754901885986328,1.4049376249313354,0.8754901885986328,1.4049,0.8755,False,False,0.0,1.0,FINISHED
Manchester United FC,Fulham FC,2.194594144821167,0.28286874294281006,2.194594144821167,0.28286874294281006,2.1946,0.2829,False,False,3.0,2.0,FINISHED
Nottingham Forest FC,Crystal Palace FC,1.7344021797180176,0.7219930291175842,1.7344021797180176,0.7219930291175842,1.7344,0.722,False,False,1.0,1.0,FINISHED
Liverpool FC,Newcastle United FC,2.2510805130004883,0.631040096282959,2.2510805130004883,0.631040096282959,2.2511,0.631,False,False,4.0,1.0,FINISHED
Chelsea FC,West Ham United FC,1.3352112770080566,0.8429278135299683,1.3352112770080566,0.8429278135299683,1.3352,0.8429,False,False,3.0,2.0,FINISHED
Brighton & Hove Albion FC,Everton FC,1.5997873544692993,1.4709014892578125,1.5997873544692993,1.4709014892578125,1.5998,1.4709,False,False,1.0,1.0,FINISHED
Leeds United FC,Arsenal FC,1.1020029783248901,1.9600623846054077,1.1020029783248901,1.9600623846054077,1.102,1.9601,False,False,0.0,4.0,FINISHED
Wolverhampton Wanderers FC,AFC Bournemouth,1.0785568952560425,2.301427125930786,1.0785568952560425,2.301427125930786,1.0786,2.3014,False,False,0.0,2.0,FINISHED
Everton FC,Leeds United FC,1.3042564392089844,1.4043289422988892,1.3042564392089844,1.4043289422988892,1.3043,1.4043,False,False,1.0,1.0,FINISHED
Uzbekistan,China PR,1.6560298204421997,0.5898012518882751,1.6560298204421997,0.5898012518882751,1.656,0.5898,False,False,2.0,2.0,FINISHED
Arsenal FC,Manchester United FC,2.775736093521118,0.9515255689620972,2.775736093521118,0.9515255689620972,2.7757,0.9515,False,False,2.0,3.0,FINISHED
Crystal Palace FC,Chelsea FC,0.9239428043365479,1.091292142868042,0.9239428043365479,1.091292142868042,0.9239,1.0913,False,False,1.0,3.0,FINISHED
Brentford FC,Nottingham Forest FC,0.7447832226753235,0.945621907711029,0.7447832226753235,0.945621907711029,0.7448,0.9456,False,False,0.0,2.0,FINISHED
Newcastle United FC,Aston Villa FC,0.7003505825996399,1.0624314546585083,0.7003505825996399,1.0624314546585083,0.7004,1.0624,False,False,0.0,2.0,FINISHED
Bolivia,Mexico,0.8458635210990906,2.3909976482391357,0.8458635210990906,2.3909976482391357,0.8459,2.391,False,False,0.0,1.0,FINISHED
AFC Bournemouth,Liverpool FC,2.744546413421631,1.1925055980682373,2.744546413421631,1.1925055980682373,2.7445,1.1925,False,False,3.0,2.0,FINISHED
Burnley FC,Tottenham Hotspur FC,0.7144523859024048,1.2939589023590088,0.7144523859024048,1.2939589023590088,0.7145,1.294,False,False,2.0,2.0,FINISHED
Fulham FC,Brighton & Hove Albion FC,1.064322590827942,1.4580278396606445,1.064322590827942,1.4580278396606445,1.0643,1.458,False,False,2.0,1.0,FINISHED
Manchester City FC,Wolverhampton Wanderers FC,1.9520494937896729,0.6224231719970703,1.9520494937896729,0.6224231719970703,1.952,0.6224,False,False,2.0,0.0,FINISHED
West Ham United FC,Sunderland AFC,1.141127586364746,2.2596375942230225,1.141127586364746,2.2596375942230225,1.1411,2.2596,False,False,3.0,1.0,FINISHED
Panama,Mexico,0.5577610731124878,0.9668064117431641,0.5577610731124878,0.9668064117431641,0.5578,0.9668,False,False,0.0,1.0,FINISHED
Brighton & Hove Albion FC,AFC Bournemouth,1.0898449420928955,1.8755366802215576,1.0898449420928955,1.8755366802215576,1.0898,1.8755,False,False,1.0,1.0,FINISHED
Aston Villa FC,Everton FC,2.5524497032165527,0.8636503219604492,2.5524497032165527,0.8636503219604492,2.5524,0.8637,False,False,0.0,1.0,FINISHED
Wolverhampton Wanderers FC,Newcastle United FC,1.1380418539047241,1.4580851793289185,1.1380418539047241,1.4580851793289185,1.138,1.4581,False,False,0.0,0.0,FINISHED
Morocco,Senegal,0.6009920835494995,1.1722785234451294,0.6009920835494995,1.1722785234451294,0.601,1.1723,False,False,3.0,0.0,FINISHED
Bolivia,Panama,0.9419475197792053,1.3451000452041626,0.9419475197792053,1.3451000452041626,0.9419,1.3451,False,False,1.0,1.0,FINISHED
Grenada,Jamaica,0.903791606426239,3.0134670734405518,0.903791606426239,3.0134670734405518,0.9038,3.0135,False,False,0.0,1.0,FINISHED
Nottingham Forest FC,Arsenal FC,0.9765629768371582,1.7842168807983398,0.9765629768371582,1.7842168807983398,0.9766,1.7842,False,False,0.0,0.0,FINISHED
Sunderland AFC,Crystal Palace FC,1.534213900566101,0.6893553733825684,1.534213900566101,0.6893553733825684,1.5342,0.6894,False,False,2.0,1.0,FINISHED
Chelsea FC,Brentford FC,1.847918152809143,1.0513132810592651,1.847918152809143,1.0513132810592651,1.8479,1.0513,False,False,2.0,0.0,FINISHED
Liverpool FC,Burnley FC,2.122453212738037,0.519736111164093,2.122453212738037,0.519736111164093,2.1225,0.5197,False,False,1.0,1.0,FINISHED
Leeds United FC,Fulham FC,1.55811607837677,1.3312910795211792,1.55811607837677,1.3312910795211792,1.5581,1.3313,False,False,1.0,0.0,FINISHED
Tottenham Hotspur FC,West Ham United FC,1.220702886581421,1.7761256694793701,1.220702886581421,1.7761256694793701,1.2207,1.7761,False,False,1.0,2.0,FINISHED
Manchester United FC,Manchester City FC,1.4374598264694214,2.1740736961364746,1.4374598264694214,2.1740736961364746,1.4375,2.1741,False,False,2.0,0.0,FINISHED
Egypt,Nigeria,1.0342330932617188,1.8438822031021118,1.0342330932617188,1.8438822031021118,1.0342,1.8439,False,False,0.0,0.0,FINISHED
Senegal,Egypt,1.3945561647415161,0.8305495381355286,1.3945561647415161,0.8305495381355286,1.3946,0.8305,False,False,1.0,0.0,FINISHED
Morocco,Nigeria,1.898708701133728,1.5560375452041626,1.898708701133728,1.5560375452041626,1.8987,1.556,False,False,0.0,0.0,FINISHED
Algeria,Nigeria,1.1722506284713745,1.2699010372161865,1.1722506284713745,1.2699010372161865,1.1723,1.2699,False,False,0.0,2.0,FINISHED
Egypt,Ivory Coast,1.2256112098693848,0.7064237594604492,1.2256112098693848,0.7064237594604492,1.2256,0.7064,False,False,3.0,2.0,FINISHED
Arsenal FC,Liverpool FC,1.1059757471084595,0.7818191051483154,1.1059757471084595,0.7818191051483154,1.106,0.7818,False,False,0.0,0.0,FINISHED
Mali,Senegal,0.7476791143417358,2.266813039779663,0.7476791143417358,2.266813039779663,0.7477,2.2668,False,False,0.0,1.0,FINISHED
Morocco,Cameroon,0.555126965045929,1.5514724254608154,0.555126965045929,1.5514724254608154,0.5551,1.5515,False,False,2.0,0.0,FINISHED
Burnley FC,Manchester United FC,0.623237669467926,2.0522348880767822,0.623237669467926,2.0522348880767822,0.6232,2.0522,False,False,2.0,2.0,FINISHED
Newcastle United FC,Leeds United FC,0.67580246925354,1.535677194595337,0.67580246925354,1.535677194595337,0.6758,1.5357,False,False,4.0,3.0,FINISHED
AFC Bournemouth,Tottenham Hotspur FC,2.0597667694091797,0.6006240248680115,2.0597667694091797,0.6006240248680115,2.0598,0.6006,False,False,3.0,2.0,FINISHED
Crystal Palace FC,Aston Villa FC,0.9698629379272461,1.0624613761901855,0.9698629379272461,1.0624613761901855,0.9699,1.0625,False,False,0.0,0.0,FINISHED
Brentford FC,Sunderland AFC,1.3195847272872925,1.5019235610961914,1.3195847272872925,1.5019235610961914,1.3196,1.5019,False,False,3.0,0.0,FINISHED
Everton FC,Wolverhampton Wanderers FC,1.2521724700927734,1.1212860345840454,1.2521724700927734,1.1212860345840454,1.2522,1.1213,False,False,1.0,1.0,FINISHED
Fulham FC,Chelsea FC,1.5701183080673218,1.3536977767944336,1.5701183080673218,1.3536977767944336,1.5701,1.3537,False,False,2.0,1.0,FINISHED
Manchester City FC,Brighton & Hove Albion FC,2.5542755126953125,0.8977887630462646,2.5542755126953125,0.8977887630462646,2.5543,0.8978,False,False,1.0,1.0,FINISHED
West Ham United FC,Nottingham Forest FC,0.8992234468460083,1.5739861726760864,0.8992234468460083,1.5739861726760864,0.8992,1.574,False,False,1.0,2.0,FINISHED
Algeria,Congo DR,1.358140230178833,0.6158560514450073,1.358140230178833,0.6158560514450073,1.3581,0.6159,False,False,1.0,0.0,FINISHED
Ivory Coast,Burkina Faso,1.097810983657837,1.7045398950576782,1.097810983657837,1.7045398950576782,1.0978,1.7045,False,False,3.0,0.0,FINISHED
Egypt,Benin,4.805429458618164,0.7258983850479126,4.805429458618164,0.7258983850479126,4.8054,0.7259,False,False,3.0,1.0,FINISHED
Nigeria,Mozambique,2.8288307189941406,0.3477208614349365,2.8288307189941406,0.3477208614349365,2.8288,0.3477,False,False,4.0,0.0,FINISHED
Manchester City FC,Chelsea FC,2.5713119506835938,0.836152195930481,2.5713119506835938,0.836152195930481,2.5713,0.8362,False,False,1.0,1.0,FINISHED
Fulham FC,Liverpool FC,0.9627687931060791,1.3185051679611206,0.9627687931060791,1.3185051679611206,0.9628,1.3185,False,False,2.0,2.0,FINISHED
Everton FC,Brentford FC,0.8501965999603271,1.44636070728302,0.8501965999603271,1.44636070728302,0.8502,1.4464,False,False,2.0,4.0,FINISHED
Newcastle United FC,Crystal Palace FC,1.9889243841171265,1.0383200645446777,1.9889243841171265,1.0383200645446777,1.9889,1.0383,False,False,2.0,0.0,FINISHED
Tottenham Hotspur FC,Sunderland AFC,0.8477219939231873,1.327713131904602,0.8477219939231873,1.327713131904602,0.8477,1.3277,False,False,1.0,1.0,FINISHED
Leeds United FC,Manchester United FC,0.9455946087837219,1.3033486604690552,0.9455946087837219,1.3033486604690552,0.9456,1.3033,False,False,1.0,1.0,FINISHED
Morocco,Tanzania,3.3622591495513916,0.9051997065544128,3.3622591495513916,0.9051997065544128,3.3623,0.9052,False,False,1.0,0.0,FINISHED
South Africa,Cameroon,0.9639145135879517,1.5043716430664062,0.9639145135879517,1.5043716430664062,0.9639,1.5044,False,False,1.0,2.0,FINISHED
AFC Bournemouth,Arsenal FC,1.1823804378509521,1.8062387704849243,1.1823804378509521,1.8062387704849243,1.1824,1.8062,False,False,2.0,3.0,FINISHED
Brighton & Hove Albion FC,Burnley FC,2.0381581783294678,0.19773703813552856,2.0381581783294678,0.19773703813552856,2.0382,0.1977,False,False,2.0,0.0,FINISHED
Wolverhampton Wanderers FC,West Ham United FC,0.7720110416412354,1.7750788927078247,0.7720110416412354,1.7750788927078247,0.772,1.7751,False,False,3.0,0.0,FINISHED
Aston Villa FC,Nottingham Forest FC,1.7151811122894287,0.6773779988288879,1.7151811122894287,0.6773779988288879,1.7152,0.6774,False,False,3.0,1.0,FINISHED
Senegal,Sudan,2.7562761306762695,0.8087732791900635,2.7562761306762695,0.8087732791900635,2.7563,0.8088,False,False,3.0,1.0,FINISHED
Mali,Tunisia,1.1419878005981445,1.4817720651626587,1.1419878005981445,1.4817720651626587,1.142,1.4818,False,False,1.0,1.0,FINISHED
Sunderland AFC,Manchester City FC,1.5785322189331055,1.3640649318695068,1.5785322189331055,1.3640649318695068,1.5785,1.3641,False,False,0.0,0.0,FINISHED
Brentford FC,Tottenham Hotspur FC,2.7924022674560547,0.6039615869522095,2.7924022674560547,0.6039615869522095,2.7924,0.604,False,False,0.0,0.0,FINISHED
Crystal Palace FC,Fulham FC,0.2940928637981415,0.9365946650505066,0.2940928637981415,0.9365946650505066,0.2941,0.9366,False,False,1.0,1.0,FINISHED
Liverpool FC,Leeds United FC,0.9304206967353821,0.9609399437904358,0.9304206967353821,0.9609399437904358,0.9304,0.9609,False,False,0.0,0.0,FINISHED
Arsenal FC,Aston Villa FC,2.100663185119629,1.184110164642334,2.100663185119629,1.184110164642334,2.1007,1.1841,False,False,4.0,1.0,FINISHED
Manchester United FC,Wolverhampton Wanderers FC,2.9459049701690674,0.005620633251965046,2.9459049701690674,0.005620633251965046,2.9459,0.0056,False,False,1.0,1.0,FINISHED
Burnley FC,Newcastle United FC,0.7373723387718201,1.6905593872070312,0.7373723387718201,1.6905593872070312,0.7374,1.6906,False,False,1.0,3.0,FINISHED
Chelsea FC,AFC Bournemouth,1.3450571298599243,1.1728733777999878,1.3450571298599243,1.1728733777999878,1.3451,1.1729,False,False,2.0,2.0,FINISHED
Nottingham Forest FC,Everton FC,1.612972378730774,1.370290756225586,1.612972378730774,1.370290756225586,1.613,1.3703,False,False,0.0,2.0,FINISHED
West Ham United FC,Brighton & Hove Albion FC,0.9872786998748779,1.5892620086669922,0.9872786998748779,1.5892620086669922,0.9873,1.5893,False,False,2.0,2.0,FINISHED
Equatorial Guinea,Algeria,0.6895929574966431,1.6382837295532227,0.6895929574966431,1.6382837295532227,0.6896,1.6383,False,False,1.0,3.0,FINISHED
Sudan,Burkina Faso,0.9447553157806396,1.8250452280044556,0.9447553157806396,1.8250452280044556,0.9448,1.825,False,False,0.0,2.0,FINISHED
Gabon,Ivory Coast,1.0017757415771484,1.8650623559951782,1.0017757415771484,1.8650623559951782,1.0018,1.8651,False,False,2.0,3.0,FINISHED
Mozambique,Cameroon,0.9579211473464966,2.1738243103027344,0.9579211473464966,2.1738243103027344,0.9579,2.1738,False,False,1.0,2.0,FINISHED
Uganda,Nigeria,0.6834381818771362,1.864970088005066,0.6834381818771362,1.864970088005066,0.6834,1.865,False,False,1.0,3.0,FINISHED
Tanzania,Tunisia,0.9299291372299194,1.273432970046997,0.9299291372299194,1.273432970046997,0.9299,1.2734,False,False,1.0,1.0,FINISHED
Benin,Senegal,0.5270310640335083,2.430558443069458,0.5270310640335083,2.430558443069458,0.527,2.4306,False,False,0.0,3.0,FINISHED
Botswana,Congo DR,0.7731389403343201,2.1359152793884277,0.7731389403343201,2.1359152793884277,0.7731,2.1359,False,False,0.0,3.0,FINISHED
Morocco,Zambia,3.095820426940918,0.9322798252105713,3.095820426940918,0.9322798252105713,3.0958,0.9323,False,False,3.0,0.0,FINISHED
Comoros,Mali,1.0033122301101685,1.5302629470825195,1.0033122301101685,1.5302629470825195,1.0033,1.5303,False,False,0.0,0.0,FINISHED
Angola,Egypt,0.5241714119911194,2.032721519470215,0.5241714119911194,2.032721519470215,0.5242,2.0327,False,False,0.0,0.0,FINISHED
Zimbabwe,South Africa,0.9915791153907776,1.9345918893814087,0.9915791153907776,1.9345918893814087,0.9916,1.9346,False,False,2.0,3.0,FINISHED
Crystal Palace FC,Tottenham Hotspur FC,0.8847926259040833,1.124651312828064,0.8847926259040833,1.124651312828064,0.8848,1.1247,False,False,0.0,1.0,FINISHED
Sunderland AFC,Leeds United FC,0.6688130497932434,1.3047610521316528,0.6688130497932434,1.3047610521316528,0.6688,1.3048,False,False,1.0,1.0,FINISHED
Equatorial Guinea,Sudan,1.0889041423797607,1.2135981321334839,1.0889041423797607,1.2135981321334839,1.0889,1.2136,False,False,0.0,1.0,FINISHED
Algeria,Burkina Faso,2.298480987548828,1.427895188331604,2.298480987548828,1.427895188331604,2.2985,1.4279,False,False,1.0,0.0,FINISHED
Gabon,Mozambique,1.1487715244293213,1.2736331224441528,1.1487715244293213,1.2736331224441528,1.1488,1.2736,False,False,2.0,3.0,FINISHED
Ivory Coast,Cameroon,1.2605198621749878,1.022183895111084,1.2605198621749878,1.022183895111084,1.2605,1.0222,False,False,1.0,1.0,FINISHED
Chelsea FC,Aston Villa FC,1.3896265029907227,1.1321614980697632,1.3896265029907227,1.1321614980697632,1.3896,1.1322,False,False,1.0,2.0,FINISHED
Arsenal FC,Brighton & Hove Albion FC,1.9637646675109863,0.8994796276092529,1.9637646675109863,0.8994796276092529,1.9638,0.8995,False,False,2.0,1.0,FINISHED
Brentford FC,AFC Bournemouth,1.184674859046936,1.9075499773025513,1.184674859046936,1.9075499773025513,1.1847,1.9075,False,False,4.0,1.0,FINISHED
Burnley FC,Everton FC,0.658213198184967,1.523292899131775,0.658213198184967,1.523292899131775,0.6582,1.5233,False,False,0.0,0.0,FINISHED
Liverpool FC,Wolverhampton Wanderers FC,3.4976494312286377,0.13593241572380066,3.4976494312286377,0.13593241572380066,3.4976,0.1359,False,False,2.0,1.0,FINISHED
West Ham United FC,Fulham FC,1.326319932937622,1.4708311557769775,1.326319932937622,1.4708311557769775,1.3263,1.4708,False,False,0.0,1.0,FINISHED
Nottingham Forest FC,Manchester City FC,1.3556172847747803,2.0401740074157715,1.3556172847747803,2.0401740074157715,1.3556,2.0402,False,False,1.0,2.0,FINISHED
Manchester United FC,Newcastle United FC,1.8603315353393555,0.4603126347064972,1.8603315353393555,0.4603126347064972,1.8603,0.4603,False,False,1.0,0.0,FINISHED
Uganda,Tanzania,1.1604787111282349,0.7272002696990967,1.1604787111282349,0.7272002696990967,1.1605,0.7272,False,False,1.0,1.0,FINISHED
Nigeria,Tunisia,1.9001049995422363,1.442477822303772,1.9001049995422363,1.442477822303772,1.9001,1.4425,False,False,3.0,2.0,FINISHED
Benin,Botswana,1.1531187295913696,0.7568926215171814,1.1531187295913696,0.7568926215171814,1.1531,0.7569,False,False,1.0,0.0,FINISHED
Senegal,Congo DR,1.598366618156433,0.5978482365608215,1.598366618156433,0.5978482365608215,1.5984,0.5978,False,False,1.0,1.0,FINISHED
Zambia,Comoros,1.0896464586257935,1.3226845264434814,1.0896464586257935,1.3226845264434814,1.0896,1.3227,False,False,0.0,0.0,FINISHED
Morocco,Mali,1.6299172639846802,1.2522196769714355,1.6299172639846802,1.2522196769714355,1.6299,1.2522,False,False,1.0,1.0,FINISHED
Angola,Zimbabwe,2.8388783931732178,0.6119678616523743,2.8388783931732178,0.6119678616523743,2.8389,0.612,False,False,1.0,1.0,FINISHED
Egypt,South Africa,1.4081430435180664,1.0478510856628418,1.4081430435180664,1.0478510856628418,1.4081,1.0479,False,False,1.0,0.0,FINISHED
Burkina Faso,Equatorial Guinea,1.9470939636230469,0.24907813966274261,1.9470939636230469,0.24907813966274261,1.9471,0.2491,False,False,2.0,1.0,FINISHED
Algeria,Sudan,4.029709339141846,0.6453326344490051,4.029709339141846,0.6453326344490051,4.0297,0.6453,False,False,3.0,0.0,FINISHED
Ivory Coast,Mozambique,2.4476003646850586,0.7512826919555664,2.4476003646850586,0.7512826919555664,2.4476,0.7513,False,False,1.0,0.0,FINISHED
Cameroon,Gabon,2.4872400760650635,0.8801165819168091,2.4872400760650635,0.8801165819168091,2.4872,0.8801,False,False,1.0,0.0,FINISHED
Fulham FC,Nottingham Forest FC,0.426363468170166,1.2696634531021118,0.426363468170166,1.2696634531021118,0.4264,1.2697,False,False,1.0,0.0,FINISHED
Nigeria,Tanzania,3.3396620750427246,0.8545801043510437,3.3396620750427246,0.8545801043510437,3.3397,0.8546,False,False,2.0,1.0,FINISHED
Tunisia,Uganda,1.8961297273635864,0.6388000249862671,1.8961297273635864,0.6388000249862671,1.8961,0.6388,False,False,3.0,1.0,FINISHED
Congo DR,Benin,1.8379939794540405,0.8617967367172241,1.8379939794540405,0.8617967367172241,1.838,0.8618,False,False,1.0,0.0,FINISHED
Senegal,Botswana,3.0396668910980225,0.3156287670135498,3.0396668910980225,0.3156287670135498,3.0397,0.3156,False,False,3.0,0.0,FINISHED
Mali,Zambia,1.5780575275421143,0.5715063810348511,1.5780575275421143,0.5715063810348511,1.5781,0.5715,False,False,1.0,1.0,FINISHED
South Africa,Angola,2.275836229324341,1.0682839155197144,2.275836229324341,1.0682839155197144,2.2758,1.0683,False,False,2.0,1.0,FINISHED
Egypt,Zimbabwe,3.524139165878296,0.8792257905006409,3.524139165878296,0.8792257905006409,3.5241,0.8792,False,False,2.0,1.0,FINISHED
Aston Villa FC,Manchester United FC,1.8444486856460571,1.1031934022903442,1.8444486856460571,1.1031934022903442,1.8444,1.1032,False,False,2.0,1.0,FINISHED
Everton FC,Arsenal FC,0.6869899034500122,2.318394422531128,0.6869899034500122,2.318394422531128,0.687,2.3184,False,False,0.0,1.0,FINISHED
Leeds United FC,Crystal Palace FC,2.8312833309173584,1.3028572797775269,2.8312833309173584,1.3028572797775269,2.8313,1.3029,False,False,4.0,1.0,FINISHED
Morocco,Comoros,2.636416435241699,1.0015734434127808,2.636416435241699,1.0015734434127808,2.6364,1.0016,False,False,2.0,0.0,FINISHED
Tottenham Hotspur FC,Liverpool FC,0.8506737947463989,1.322021722793579,0.8506737947463989,1.322021722793579,0.8507,1.322,False,False,1.0,2.0,FINISHED
AFC Bournemouth,Burnley FC,2.8104329109191895,0.7689902186393738,2.8104329109191895,0.7689902186393738,2.8104,0.769,False,False,1.0,1.0,FINISHED
Brighton & Hove Albion FC,Sunderland AFC,0.9206607937812805,1.212828278541565,0.9206607937812805,1.212828278541565,0.9207,1.2128,False,False,0.0,0.0,FINISHED
Manchester City FC,West Ham United FC,2.175260066986084,0.5225896835327148,2.175260066986084,0.5225896835327148,2.1753,0.5226,False,False,3.0,0.0,FINISHED
Wolverhampton Wanderers FC,Brentford FC,0.642841100692749,2.1075170040130615,0.642841100692749,2.1075170040130615,0.6428,2.1075,False,False,0.0,2.0,FINISHED
Newcastle United FC,Chelsea FC,1.294459581375122,1.1273674964904785,1.294459581375122,1.1273674964904785,1.2945,1.1274,False,False,2.0,2.0,FINISHED
Manchester United FC,AFC Bournemouth,2.2248828411102295,1.243397831916809,2.2248828411102295,1.243397831916809,2.2249,1.2434,False,False,4.0,4.0,FINISHED
Brentford FC,Leeds United FC,1.0979300737380981,1.3928700685501099,1.0979300737380981,1.3928700685501099,1.0979,1.3929,False,False,1.0,1.0,FINISHED
Sunderland AFC,Newcastle United FC,1.4178378582000732,0.6852238178253174,1.4178378582000732,0.6852238178253174,1.4178,0.6852,False,False,1.0,0.0,FINISHED
Crystal Palace FC,Manchester City FC,1.265720248222351,1.9350422620773315,1.265720248222351,1.9350422620773315,1.2657,1.935,False,False,0.0,3.0,FINISHED
Nottingham Forest FC,Tottenham Hotspur FC,2.83632493019104,1.2198927402496338,2.83632493019104,1.2198927402496338,2.8363,1.2199,False,False,3.0,0.0,FINISHED
West Ham United FC,Aston Villa FC,1.109268307685852,1.8870985507965088,1.109268307685852,1.8870985507965088,1.1093,1.8871,False,False,2.0,3.0,FINISHED
Arsenal FC,Wolverhampton Wanderers FC,3.485501527786255,0.29763561487197876,3.485501527786255,0.29763561487197876,3.4855,0.2976,False,False,2.0,1.0,FINISHED
Burnley FC,Fulham FC,0.7279582023620605,2.103135585784912,0.7279582023620605,2.103135585784912,0.728,2.1031,False,False,2.0,3.0,FINISHED
Liverpool FC,Brighton & Hove Albion FC,1.5837806463241577,0.7093846201896667,1.5837806463241577,0.7093846201896667,1.5838,0.7094,False,False,2.0,0.0,FINISHED
Chelsea FC,Everton FC,1.3644068241119385,1.1060882806777954,1.3644068241119385,1.1060882806777954,1.3644,1.1061,False,False,2.0,0.0,FINISHED
Wolverhampton Wanderers FC,Manchester United FC,0.19048021733760834,2.0300166606903076,0.19048021733760834,2.0300166606903076,0.1905,2.03,False,False,1.0,4.0,FINISHED
Fulham FC,Crystal Palace FC,1.2120661735534668,1.0791902542114258,1.2120661735534668,1.0791902542114258,1.2121,1.0792,False,False,1.0,2.0,FINISHED
Brighton & Hove Albion FC,West Ham United FC,1.813567876815796,0.72016441822052,1.813567876815796,0.72016441822052,1.8136,0.7202,False,False,1.0,1.0,FINISHED
Leeds United FC,Liverpool FC,1.094411849975586,1.125048279762268,1.094411849975586,1.125048279762268,1.0944,1.125,False,False,3.0,3.0,FINISHED
Tottenham Hotspur FC,Brentford FC,1.1061654090881348,0.941948413848877,1.1061654090881348,0.941948413848877,1.1062,0.9419,False,False,2.0,0.0,FINISHED
Newcastle United FC,Burnley FC,2.510657787322998,0.4362676739692688,2.510657787322998,0.4362676739692688,2.5107,0.4363,False,False,2.0,1.0,FINISHED
Manchester City FC,Sunderland AFC,1.8010878562927246,0.858267068862915,1.8010878562927246,0.858267068862915,1.8011,0.8583,False,False,3.0,0.0,FINISHED
Everton FC,Nottingham Forest FC,0.9653621315956116,1.208595871925354,0.9653621315956116,1.208595871925354,0.9654,1.2086,False,False,3.0,0.0,FINISHED
AFC Bournemouth,Chelsea FC,2.2482075691223145,0.6481825709342957,2.2482075691223145,0.6481825709342957,2.2482,0.6482,False,False,0.0,0.0,FINISHED
Aston Villa FC,Arsenal FC,0.7936661243438721,1.3935867547988892,0.7936661243438721,1.3935867547988892,0.7937,1.3936,False,False,2.0,1.0,FINISHED
Manchester United FC,West Ham United FC,2.6252269744873047,0.40350237488746643,2.6252269744873047,0.40350237488746643,2.6252,0.4035,False,False,1.0,1.0,FINISHED
